{"cameraMode":{"drawMode":0,"name":"Shaded","section":"Shading Mode"},"sceneLighting":false,"audioPlay":false,"sceneViewState":{"showFog":true,"showMaterialUpdate":false,"showSkybox":false,"showFlares":true,"showImageEffects":true,"showParticleSystems":true,"showVisualEffectGraphs":true,"m_FxEnabled":true},"in2DMode":false,"pivot":{"x":-133.3000030517578,"y":-55.900001525878909,"z":-0.44451528787612917},"rotation":{"x":0.09034165740013123,"y":-0.6807485818862915,"z":0.08520465344190598,"w":0.7219793796539307},"size":0.9188581705093384,"orthographic":true}